"point_id","date","studyarea","time","lat","long","response","nudds","perc_bare","perc_ll","perc_grass","perc_forb","perc_vine","perc_Rubus"
"bird638_14_june","14_jun","moshannon",1859,40.85685,-78.07349,1,0,0,85,0,0,0,0
"bird638_14_june","14_jun","moshannon",1859,40.85504,-78.074193,0,18,30,50,0,0,0,0
"bird638_16_june","16_jun","moshannon",1900,40.8590063,-78.074465,1,20,0,5,0,15,0,0
"bird638_16_june","16_jun","moshannon",1900,40.85816,-78.07745,0,0,5,0,15,80,0,0
"bird638_22_june","22_jun","moshannon",1731,40.860215,-78.075629,1,20,0,0,0,0,0,0
"bird638_22_june","22_jun","moshannon",1731,40.86161,-78.07499,0,20,0,95,0,0,0,0
"bird638_26_june","26_jun","moshannon",2118,40.858856,-78.074937,1,20,0,0,0,0,0,0
"bird638_26_june","26_jun","moshannon",2118,40.859011,-78.074766,0,6,0,0,10,70,0,0
"bird638_1_july","1_jul","moshannon",1949,40.861838,-78.077575,1,19,5,85,0,5,0,0
"bird638_1_july","1_jul","moshannon",1949,40.86205,-78.07502,0,6,0,85,0,0,0,0
"bird638_3_july","3_jul","moshannon",1919,40.863062,-78.078485,1,10,0,90,0,0,0,0
"bird638_3_july","3_jul","moshannon",1919,40.86298,-78.08022,0,20,0,20,0,0,0,0
"bird638_4_july","4_jul","moshannon",1917,40.86067,-78.075551,1,9,0,90,0,0,0,0
"bird638_4_july","4_jul","moshannon",1917,40.86001,-78.0759,0,20,0,60,0,20,0,0
"bird638_5_july","5_jul","moshannon",2110,40.859747,-78.073901,1,0,0,10,0,20,0,0
"bird638_5_july","5_jul","moshannon",2110,40.859255,-78.075495,0,0,0,65,5,15,0,0
"bird638_6_july","6_jul","moshannon",1859,40.86233,-78.07615,1,7,0,90,0,5,0,0
"bird638_6_july","6_jul","moshannon",1859,40.86257,-78.07642,0,11,0,0,0,75,0,0
"bird638_8_july","8_jul","moshannon",1927,40.863216,-78.078188,1,7,0,80,5,5,0,0
"bird638_8_july","8_jul","moshannon",1927,40.86356,-78.07799,0,20,0,85,0,0,0,0
"bird703_11_june","11_jun","moshannon",1904,40.852027,-78.115875,1,5,0,95,0,0,0,0
"bird703_11_june","11_jun","moshannon",1904,40.842362,-78.115173,0,20,0,50,0,10,0,30
"bird703_12_june","12_jun","moshannon",1736,40.843542,-78.115878,1,8,0,75,0,0,0,0
"bird703_12_june","12_jun","moshannon",1736,40.84369,-78.11742,0,11,0,50,0,0,0,0
"bird703_20_june","20_jun","moshannon",1801,40.84283,-78.1162,1,20,0,10,25,0,0,30
"bird703_20_june","20_jun","moshannon",1801,40.843542,-78.114966,0,20,0,55,0,0,0,0
"bird703_21_june","21_jun","moshannon",2031,40.84369,-78.11607,1,8,0,90,0,0,0,0
"bird703_21_june","21_jun","moshannon",2031,40.84485,-78.11539,0,4,0,0,0,0,0,0
"bird703_22_june","22_jun","moshannon",1610,40.843683,-78.116186,1,4,5,80,5,0,0,0
"bird703_22_june","22_jun","moshannon",1610,40.843034,-78.119258,0,0,0,0,80,20,0,0
"bird703_27_june","27_jun","moshannon",1654,40.844414,-78.113468,1,16,0,70,0,0,0,0
"bird703_27_june","27_jun","moshannon",1654,40.843871,-78.112632,0,6,0,75,0,0,0,0
"bird703_2_july","2_jul","moshannon",1711,40.84258,-78.11455,1,20,0,60,0,0,0,0
"bird703_2_july","2_jul","moshannon",1711,40.841845,-78.113275,0,20,0,0,0,0,0,100
"bird703_3_july","3_jul","moshannon",1821,40.839568,-78.114548,1,20,0,0,0,0,0,0
"bird703_3_july","3_jul","moshannon",1821,40.839454,-78.114848,0,20,0,60,0,0,0,0
"bird703_3_july","3_jul","moshannon",2130,40.843471,-78.111653,1,20,0,25,0,5,0,0
"bird703_3_july","3_jul","moshannon",2130,40.842318,-78.112852,0,20,0,0,0,0,0,0
"bird703_8_july","8_jul","moshannon",1642,40.83958,-78.11459,1,20,0,0,0,0,0,0
"bird703_8_july","8_jul","moshannon",1642,40.839495,-78.11483,0,7,0,85,0,0,0,0
"bird703_8_july","8_jul","moshannon",2131,40.842148,-78.111199,1,20,0,55,0,0,0,0
"bird703_8_july","8_jul","moshannon",2131,40.842156,-78.110778,0,18,0,0,0,0,0,0
"bird703_10_july","10_jul","moshannon",2152,40.843652,-78.112896,1,20,0,60,0,0,0,0
"bird703_10_july","10_jul","moshannon",2152,40.84351,-78.11311,0,10,0,0,0,20,0,0
"bird703_11_july","11_jul","moshannon",1957,40.84459,-78.113435,1,15,0,80,0,0,0,0
"bird703_11_july","11_jul","moshannon",1957,40.843795,-78.114518,0,20,0,60,0,0,0,0
"bird703_12_july","12_jul","moshannon",1534,40.83958,-78.11459,1,20,0,0,0,0,0,0
"bird703_12_july","12_jul","moshannon",1534,40.839895,-78.11348,0,20,0,0,0,0,0,0
"bird703_12_july","12_jul","moshannon",2133,40.84344,-78.11471,1,5,0,30,0,5,0,10
"bird703_12_july","12_jul","moshannon",2133,40.8434,-78.118308,0,12,10,45,10,10,0,0
"bird703_13_july","13_jul","moshannon",1542,40.84344,-78.11471,1,20,0,0,0,0,0,0
"bird703_13_july","13_jul","moshannon",1542,40.84105,-78.11437,0,15,0,15,0,0,0,40
"bird703_13_july","13_jul","moshannon",2125,40.84379,-78.11314,1,20,0,55,0,0,0,0
"bird703_13_july","13_jul","moshannon",2125,40.843324,-78.112292,0,20,100,0,0,0,0,0
"bird703_14_july","14_jul","moshannon",1559,40.83984,-78.11443,1,20,0,15,0,0,0,0
"bird703_14_july","14_jul","moshannon",1559,40.84128,-78.11463,0,12,0,60,0,5,0,30
"bird703_15_july","15_jul","moshannon",1653,40.840099,-78.114513,1,12,0,80,0,0,0,0
"bird703_15_july","15_jul","moshannon",1653,40.83998,-78.11436,0,10,0,40,0,0,0,0
"bird732_11_june","11_jun","moshannon",1904,40.85201,-78.11589,1,20,0,60,0,0,0,0
"bird732_11_june","11_jun","moshannon",1904,40.852334,-78.113984,0,20,10,65,0,5,0,5
"bird732_13_june","13_jun","moshannon",2016,40.851895,-78.115495,1,20,5,40,0,40,0,15
"bird732_13_june","13_jun","moshannon",2016,40.85197,-78.11515,0,20,0,95,0,0,0,0
"bird732_14_june","14_jun","moshannon",1801,40.85138,-78.11545,1,20,0,30,0,0,0,0
"bird732_14_june","14_jun","moshannon",1801,40.852072,-78.1155,0,8,0,0,0,0,0,100
"bird732_16_june","16_jun","moshannon",2220,40.851428,-78.11785,1,11,60,0,0,0,0,0
"bird732_16_june","16_jun","moshannon",2220,40.851106,-78.115534,0,20,0,55,0,5,0,0
"bird732_20_june","20_jun","moshannon",1852,40.854906,-78.120912,1,9,30,5,5,15,0,0
"bird732_20_june","20_jun","moshannon",1852,40.857317,-78.120501,0,7,0,50,0,5,0,0
"bird732_23_june","23_jun","moshannon",1645,40.854827,-78.120694,1,2,0,15,0,0,0,0
"bird732_23_june","23_jun","moshannon",1645,40.853708,-78.120845,0,7,0,85,0,10,0,0
"bird732_24_june","24_jun","moshannon",2210,40.8513,-78.11671,1,20,0,25,0,5,0,10
"bird732_24_june","24_jun","moshannon",2210,40.853302,-78.117822,0,9,0,65,0,5,0,0
"bird732_28_june","28_jun","moshannon",2046,40.85185,-78.11561,1,20,5,40,0,40,0,15
"bird732_28_june","28_jun","moshannon",2046,40.852172,-78.116227,0,20,0,0,0,75,0,0
"bird732_29_june","29_jun","moshannon",1734,40.851872,-78.115486,1,20,0,0,0,0,0,100
"bird732_29_june","29_jun","moshannon",1734,40.852332,-78.114264,0,20,5,70,0,0,0,0
"bird732_2_july","2_jul","moshannon",1840,40.85201,-78.11589,1,20,0,60,0,0,0,0
"bird732_2_july","2_jul","moshannon",1840,40.852245,-78.11577,0,20,15,30,0,0,0,10
"bird732_2_july","2_jul","moshannon",2228,40.85152,-78.1193,1,12,5,65,0,15,0,0
"bird732_2_july","2_jul","moshannon",2228,40.852025,-78.117639,0,0,0,0,0,0,0,0
"bird732_3_july","3_jul","moshannon",2119,40.8504,-78.11795,1,5,0,65,0,5,0,0
"bird732_3_july","3_jul","moshannon",2119,40.849955,-78.118696,0,20,0,60,0,0,0,0
"bird732_6_july","6_jul","moshannon",1704,40.850996,-78.11515,1,20,0,30,0,25,0,5
"bird732_6_july","6_jul","moshannon",1704,40.850164,-78.116712,0,17,0,50,0,30,0,0
"bird830_5_june","5_jun","moshannon",1706,40.865104,-78.057778,1,20,0,0,0,0,0,0
"bird830_5_june","5_jun","moshannon",1706,40.864054,-78.05873,0,4,0,0,0,95,0,0
"bird830_6_june","6_jun","moshannon",1921,40.865111,-78.057783,1,20,0,0,0,0,0,0
"bird830_6_june","6_jun","moshannon",1921,40.864498,-78.058125,0,20,0,65,0,0,0,0
"bird830_9_june","9_jun","moshannon",2103,40.865178,-78.057433,1,19,0,20,0,0,0,0
"bird830_9_june","9_jun","moshannon",2103,40.86665,-78.05688,0,14,0,100,0,0,0,0
"bird830_10_june","10_jun","moshannon",1524,40.867476,-78.060285,1,20,35,0,10,50,0,0
"bird830_10_june","10_jun","moshannon",1524,40.866308,-78.061402,0,12,0,85,0,10,0,0
"bird830_11_june","11_jun","moshannon",2018,40.867534,-78.060756,1,2,0,40,35,5,0,0
"bird830_11_june","11_jun","moshannon",2018,40.867531,-78.060522,0,20,0,15,0,0,0,0
"bird830_12_june","12_jun","moshannon",1821,40.865112,-78.058014,1,20,0,20,0,0,0,0
"bird830_12_june","12_jun","moshannon",1821,40.866211,-78.059641,0,20,100,0,0,0,0,0
"bird830_16_june","16_jun","moshannon",1950,40.865132,-78.05778,1,20,0,50,0,0,0,0
"bird830_16_june","16_jun","moshannon",1950,40.864688,-78.054382,0,7,0,0,95,5,0,0
"bird830_20_june","20_jun","moshannon",1632,40.865068,-78.057884,1,19,0,50,0,10,0,0
"bird830_20_june","20_jun","moshannon",1632,40.863994,-78.058457,0,19,0,50,0,15,0,5
"bird830_20_june","20_jun","moshannon",2015,40.865055,-78.057935,1,19,0,50,0,10,0,0
"bird830_20_june","20_jun","moshannon",2015,40.866842,-78.0572,0,1,0,100,0,0,0,0
"bird830_21_june","21_jun","moshannon",2001,40.85616,-78.05787,1,12,0,30,0,0,0,0
"bird830_21_june","21_jun","moshannon",2001,40.864844,-78.055822,0,7,95,0,0,5,0,0
"bird830_22_june","22_jun","moshannon",1818,40.865219,-78.057838,1,12,0,60,10,15,0,0
"bird830_22_june","22_jun","moshannon",1818,40.867381,-78.05694,0,16,0,50,0,0,0,0
"bird830_26_june","26_jun","moshannon",2050,40.865075,-78.057906,1,19,0,50,0,10,0,0
"bird830_26_june","26_jun","moshannon",2050,40.86495,-78.056661,0,12,0,0,0,0,0,0
"bird830_1_july","1_jul","moshannon",2058,40.865128,-78.05752,1,20,0,60,0,0,0,0
"bird830_1_july","1_jul","moshannon",2058,40.86346,-78.05577,0,5,0,10,5,0,0,15
"bird830_2_july","2_jul","moshannon",2108,40.86609,-78.05939,1,20,0,30,0,5,0,0
"bird830_2_july","2_jul","moshannon",2108,40.865194,-78.061243,0,20,0,90,0,0,0,0
"bird830_2_july","2_jul","moshannon",1645,40.865181,-78.059667,0,20,0,40,0,0,0,0
"bird830_3_july","3_jul","moshannon",2004,40.864084,-78.054293,1,17,0,45,0,5,0,5
"bird830_3_july","3_jul","moshannon",2004,40.863976,-78.052592,0,3,0,5,0,10,0,0
"bird830_5_july","5_jul","moshannon",1620,40.86413,-78.05417,1,17,0,45,0,5,0,5
"bird830_5_july","5_jul","moshannon",1620,40.863684,-78.055418,0,20,0,25,0,5,0,0
"bird830_5_july","5_jul","moshannon",2043,40.86428,-78.05432,1,9,0,95,0,0,0,0
"bird830_5_july","5_jul","moshannon",2043,40.864547,-78.052684,0,4,0,80,0,0,0,0
"bird830_6_july","6_jul","moshannon",1750,40.86522,-78.05786,1,12,0,60,10,15,0,0
"bird830_6_july","6_jul","moshannon",1750,40.8661,-78.05798,0,20,0,0,0,0,0,0
"bird830_8_july","8_jul","moshannon",1531,40.865083,-78.05792,1,19,0,50,0,10,0,0
"bird830_8_july","8_jul","moshannon",1531,40.865221,-78.057794,0,20,0,40,25,5,0,0
"bird830_8_july","8_jul","moshannon",2033,40.865029,-78.058031,1,6,0,95,0,0,0,0
"bird830_8_july","8_jul","moshannon",2033,40.865956,-78.058662,0,20,0,25,0,0,0,0
"bird830_10_july","10_jul","moshannon",2022,40.86511,-78.05777,1,20,0,0,0,0,0,0
"bird830_10_july","10_jul","moshannon",2022,40.86436,-78.059536,0,20,0,0,0,25,0,0
"bird830_11_july","11_jul","moshannon",1741,40.865201,-78.057861,1,20,0,40,0,0,0,0
"bird830_11_july","11_jul","moshannon",1741,40.864785,-78.055956,0,0,0,95,5,0,0,0
"bird830_11_july","11_jul","moshannon",2251,40.86411,-78.05392,1,20,0,80,0,0,0,0
"bird830_11_july","11_jul","moshannon",2251,40.863963,-78.054741,0,17,0,55,0,0,0,0
"bird830_12_july","12_jul","moshannon",2030,40.864846,-78.059019,1,20,0,65,0,10,0,0
"bird830_12_july","12_jul","moshannon",2030,40.864916,-78.059765,0,20,0,55,0,0,0,0
"bird862_1_june","1_jun","moshannon",1919,40.840493,-78.10614,1,19,0,5,0,0,0,0
"bird862_1_june","1_jun","moshannon",1919,40.841214,-78.106277,0,20,0,5,0,0,0,35
"bird862_2_june","2_jun","moshannon",1914,40.84246,-78.10977,1,20,0,55,0,0,0,0
"bird862_2_june","2_jun","moshannon",1914,40.844199,-78.108322,0,12,10,85,0,0,0,0
"bird862_3_june","3_jun","moshannon",1956,40.842736,-78.109968,1,20,0,5,0,0,0,0
"bird862_3_june","3_jun","moshannon",1956,40.842362,-78.109404,0,20,0,0,0,0,0,0
"bird862_6_june","6_jun","moshannon",2036,40.842872,-78.108909,1,20,0,30,0,0,0,0
"bird862_6_june","6_jun","moshannon",2036,40.842408,-78.10917,0,9,0,0,0,0,0,0
"bird862_7_june","7_jun","moshannon",1625,40.84272,-78.108781,1,20,0,20,0,0,0,0
"bird862_7_june","7_jun","moshannon",1625,40.84751,-78.108669,0,20,0,5,0,0,0,0
"bird862_10_june","10_jun","moshannon",1829,40.842393,-78.109613,1,20,0,25,0,0,0,0
"bird862_10_june","10_jun","moshannon",1829,40.842043,-78.109868,0,20,0,0,0,0,0,0
"bird862_11_june","11_jun","moshannon",2117,40.84393,-78.108122,1,17,0,60,0,0,0,0
"bird862_11_june","11_jun","moshannon",2117,40.84296,-78.109367,0,20,0,10,0,0,0,0
"bird862_12_june","12_jun","moshannon",1632,40.842699,-78.108797,1,20,0,20,0,0,0,0
"bird862_12_june","12_jun","moshannon",1632,40.841136,-78.110762,0,20,0,65,0,0,0,0
"bird862_20_june","20_jun","moshannon",1642,40.84262,-78.10844,1,8,0,20,0,0,0,0
"bird862_20_june","20_jun","moshannon",1642,40.84154,-78.10595,0,20,0,55,0,0,0,15
"bird862_20_june","20_jun","moshannon",2230,40.842171,-78.108217,1,20,0,0,0,0,0,0
"bird862_20_june","20_jun","moshannon",2230,40.840058,-78.109947,0,20,0,60,0,0,10,0
"bird862_21_june","21_jun","moshannon",2103,40.84268,-78.10992,1,19,0,80,0,0,0,0
"bird862_21_june","21_jun","moshannon",2103,40.84382,-78.10874,0,0,0,20,0,5,0,0
"bird862_23_june","23_jun","moshannon",1744,40.845135,-78.107004,1,18,0,85,0,0,0,0
"bird862_23_june","23_jun","moshannon",1744,40.843045,-78.105587,0,20,0,0,0,0,0,0
"bird862_29_june","29_jun","moshannon",1633,40.843435,-78.107959,1,20,0,35,0,0,0,15
"bird862_29_june","29_jun","moshannon",1633,40.84376,-78.10777,0,7,0,10,5,40,0,15
"bird862_2_july","2_jul","moshannon",1802,40.84345,-78.10789,1,20,60,10,0,0,0,0
"bird862_2_july","2_jul","moshannon",1802,40.84398,-78.10548,0,10,25,45,0,15,0,0
"bird862_2_july","2_jul","moshannon",2145,40.8436303,-78.1080414,1,4,0,15,0,0,0,40
"bird862_2_july","2_jul","moshannon",2145,40.84397,-78.1083,0,12,10,45,0,0,0,0
"bird862_5_july","5_jul","moshannon",1808,40.84296,-78.10883,1,20,0,20,0,0,0,0
"bird862_5_july","5_jul","moshannon",1808,40.84158,-78.11017,0,20,0,0,0,0,0,0
"bird862_5_july","5_jul","moshannon",2041,40.84281,-78.108929,1,15,0,0,0,0,0,0
"bird862_5_july","5_jul","moshannon",2041,40.841972,-78.108987,0,20,0,0,0,0,0,0
"bird862_8_july","8_jul","moshannon",1437,40.84302,-78.10888,1,20,0,0,0,0,0,0
"bird862_8_july","8_jul","moshannon",1437,40.84389,-78.10934,0,18,0,40,0,0,0,0
"bird862_8_july","8_jul","moshannon",2111,40.84372,-78.108183,1,16,0,10,0,80,0,0
"bird862_8_july","8_jul","moshannon",2111,40.84483,-78.10701,0,16,0,35,0,45,0,0
"bird862_10_july","10_jul","moshannon",1442,40.842474,-78.10974,1,20,0,55,0,0,0,0
"bird862_10_july","10_jul","moshannon",1442,40.842187,-78.110212,0,20,0,0,0,0,0,0
"bird862_10_july","10_jul","moshannon",2047,40.842444,-78.109839,1,20,0,25,0,0,0,0
"bird862_10_july","10_jul","moshannon",2047,40.843822,-78.108911,0,12,0,65,0,20,0,0
"bird862_11_july","11_jul","moshannon",1702,40.84293,-78.108918,1,20,0,20,0,0,0,0
"bird862_11_july","22_jul","moshannon",1702,40.841278,-78.109369,0,20,0,0,0,0,0,0
"bird862_12_july","12_jul","moshannon",1928,40.84269,-78.10865,1,20,0,40,0,0,0,0
"bird862_12_july","12_jul","moshannon",1928,40.84354,-78.10685,0,10,0,45,0,0,0,20
"bird862_13_july","13_jul","moshannon",2051,40.84259,-78.10845,1,8,0,20,0,0,0,0
"bird862_13_july","13_jul","moshannon",2051,40.8423,-78.10651,0,6,0,10,0,40,0,0
"bird862_14_july","14_jul","moshannon",2113,40.843809,-78.107675,1,0,0,35,0,60,0,0
"bird862_14_july","14_jul","moshannon",2113,40.843945,-78.109056,0,8,0,75,0,0,0,0
"bird890_3_june","3_jun","moshannon",2035,40.841558,-78.1148,1,20,0,0,0,0,0,0
"bird890_3_june","3_jun","moshannon",2035,40.84341,-78.1094,0,17,10,30,0,0,0,20
"bird890_4_june","4_jun","moshannon",1530,40.84136,-78.109048,1,20,0,0,0,0,0,0
"bird890_4_june","4_jun","moshannon",1530,40.84278,-78.108322,0,20,0,5,0,0,0,0
"bird890_10_june","10_jun","moshannon",1854,40.842443,-78.112468,1,20,0,0,0,0,0,0
"bird890_10_june","10_jun","moshannon",1854,40.842642,-78.112904,0,20,0,30,0,0,0,0
"bird912_2_june","2_jun","moshannon",1921,40.84436,-78.10992,1,7,5,35,0,40,0,0
"bird912_2_june","2_jun","moshannon",1921,40.844244,-78.10961,0,17,0,100,0,0,0,0
"bird912_5_june","5_jun","moshannon",1522,40.843411,-78.110139,1,20,0,75,0,0,0,0
"bird912_5_june","5_jun","moshannon",1522,40.8639,-78.10802,0,18,0,65,0,0,0,0
"bird912_6_june","6_jun","moshannon",2007,40.842796,-78.110733,1,20,0,0,0,0,0,0
"bird912_6_june","6_jun","moshannon",2007,40.84195,-78.10832,0,19,0,0,0,0,0,0
"bird912_10_june","10_jun","moshannon",1733,40.847767,-78.106939,1,20,0,0,0,20,0,0
"bird912_10_june","10_jun","moshannon",1733,40.84834,-78.108069,0,20,0,0,0,5,0,0
"bird912_12_june","12_jun","moshannon",1727,40.847914,-78.106939,1,20,0,70,0,0,0,0
"bird912_12_june","12_jun","moshannon",1727,40.847317,-78.107312,0,20,0,0,0,0,0,100
"bird912_13_june","13_jun","moshannon",2043,40.84272,-78.110543,1,19,35,30,0,0,0,0
"bird912_13_june","13_jun","moshannon",2043,40.84237,-78.11076,0,20,0,0,0,0,0,0
"bird912_16_june","16_jun","moshannon",2117,40.843581,-78.111084,1,20,0,50,0,0,0,0
"bird912_16_june","16_jun","moshannon",2117,40.844113,-78.112769,0,20,0,60,0,0,0,0
"bird912_20_june","20_jun","moshannon",2127,40.842958,-78.110574,1,20,0,5,0,0,0,0
"bird912_20_june","20_jun","moshannon",2127,40.84264,-78.11141,0,14,30,0,40,10,0,20
"bird912_21_june","21_jun","moshannon",2127,40.84354,-78.11168,1,20,0,15,0,5,0,20
"bird912_21_june","21_jun","moshannon",2127,40.843445,-78.112443,0,20,0,55,0,40,0,0
"bird912_24_june","24_jun","moshannon",2130,40.8436,-78.11166,1,20,0,15,0,5,0,20
"bird912_24_june","24_jun","moshannon",2130,40.845062,-78.110031,0,0,0,85,0,0,0,0
"bird912_27_june","27_jun","moshannon",1730,40.843411,-78.11014,1,20,0,5,0,0,0,0
"bird912_27_june","27_jun","moshannon",1730,40.84304,-78.109573,0,20,0,60,0,0,0,0
"bird912_2_july","2_jul","moshannon",2126,40.84363,-78.11082,1,1,0,60,0,0,0,10
"bird912_2_july","2_jul","moshannon",2126,40.84346,-78.11015,0,18,0,40,0,50,0,5
"bird912_3_july","3_jul","moshannon",2125,40.84438,-78.1106,1,0,80,5,0,15,0,0
"bird912_3_july","3_jul","moshannon",2125,40.84293,-78.110383,0,20,0,10,0,0,0,0
"bird912_5_july","5_jul","moshannon",1947,40.84782,-78.10674,1,20,0,0,0,0,0,0
"bird912_5_july","5_jul","moshannon",1947,40.847494,-78.107759,0,20,0,0,0,0,0,0
"bird912_5_july","5_jul","moshannon",2124,40.8445,-78.110704,1,0,10,0,30,55,0,5
"bird912_5_july","5_jul","moshannon",2124,40.845486,-78.110757,0,17,0,70,0,10,0,0
"bird912_8_july","8_jul","moshannon",1427,40.847424,-78.106274,1,20,0,75,0,0,0,5
"bird912_8_july","8_jul","moshannon",1427,40.847781,-78.106197,0,20,0,75,0,0,0,0
"bird912_8_july","8_jul","moshannon",2118,40.844662,-78.110817,1,0,5,0,20,55,0,0
"bird912_8_july","8_jul","moshannon",2118,40.842656,-78.111935,0,14,0,0,0,0,0,0
"bird912_10_july","10_jul","moshannon",1541,40.84717,-78.10638,1,4,0,15,0,0,0,0
"bird912_10_july","10_jul","moshannon",1541,40.841766,-78.104729,0,20,0,0,0,0,0,0
"bird912_11_july","11_jul","moshannon",1851,40.84802,-78.10732,1,20,0,70,0,0,0,15
"bird912_11_july","11_jul","moshannon",1851,40.846419,-78.107765,0,20,0,80,0,0,0,0
"bird912_12_july","12_jul","moshannon",1738,40.846869,-78.105529,1,20,0,95,0,0,0,0
"bird912_12_july","12_jul","moshannon",1738,40.846697,-78.104005,0,10,0,40,0,10,0,0
"bird912_13_july","13_jul","moshannon",1358,40.84685,-78.10549,1,20,0,95,0,0,0,0
"bird912_13_july","13_jul","moshannon",1358,40.845884,-78.103387,0,0,0,45,0,0,0,0
"bird912_14_july","14_jul","moshannon",1541,40.84685,-78.10477,1,7,0,25,0,25,0,0
"bird912_14_july","14_jul","moshannon",1541,40.848531,-78.104956,0,7,0,0,0,0,0,0
"bird912_15_july","15_jul","moshannon",1917,40.843374,-78.110276,1,17,0,45,0,0,0,0
"bird912_15_july","15_jul","moshannon",1917,40.84266,-78.11021,0,12,10,10,0,0,0,0
"bird932_3_june","3_jun","moshannon",1854,40.85954,-78.07088,1,20,0,5,0,0,0,0
"bird932_3_june","3_jun","moshannon",1854,40.85939,-78.071134,0,0,85,0,10,5,0,0
"bird932_4_june","4_jun","moshannon",1638,40.859799,-78.070565,1,20,0,70,0,10,0,0
"bird932_4_june","4_jun","moshannon",1638,40.858247,-78.072778,0,8,0,20,0,0,0,0
"bird932_6_june","6_jun","moshannon",1943,40.858612,-78.107686,1,13,0,45,0,0,0,0
"bird932_6_june","6_jun","moshannon",1943,40.858541,-78.072626,0,19,0,0,0,0,0,0
"bird932_7_june","7_jun","moshannon",1538,40.8580618,-78.072295,1,20,5,55,0,0,0,0
"bird932_7_june","7_jun","moshannon",1538,40.857182,-78.06985,0,14,0,15,0,0,0,0
"bird932_10_june","10_jun","moshannon",1625,40.858083,-78.072751,1,17,0,5,0,0,0,0
"bird932_10_june","10_jun","moshannon",1625,40.859712,-78.074062,0,9,0,75,5,10,0,5
"bird932_11_june","11_jun","moshannon",2047,40.858868,-78.070216,1,18,10,15,0,0,0,0
"bird932_11_june","11_jun","moshannon",2047,40.859325,-78.070389,0,10,0,10,35,55,0,0
"bird932_12_june","12_jun","moshannon",1600,40.859477,-78.070716,1,20,10,40,0,0,0,0
"bird932_12_june","12_jun","moshannon",1600,40.860847,-78.069261,0,6,0,40,0,5,0,0
"bird932_16_june","16_jun","moshannon",2031,40.859608,-78.070074,1,0,0,50,35,15,0,0
"bird932_16_june","16_jun","moshannon",2031,40.838558,-78.072559,0,20,0,20,0,0,0,0
"bird932_20_june","20_jun","moshannon",1700,40.858318,-78.073043,1,20,0,15,0,0,0,0
"bird932_20_june","20_jun","moshannon",1700,40.857929,-78.075463,0,20,0,20,0,0,0,0
"bird932_20_june","20_jun","moshannon",2042,40.858692,-78.072578,1,20,0,0,0,0,0,0
"bird932_20_june","20_jun","moshannon",2042,40.858821,-78.075012,0,18,0,0,0,0,0,15
"bird932_22_june","22_jun","moshannon",1656,40.86133,-78.071693,1,20,0,0,0,55,0,0
"bird932_22_june","22_jun","moshannon",1656,40.86159,-78.07323,0,12,0,45,0,0,0,0
"bird932_2_july","2_jul","moshannon",2042,40.85979,-78.07021,1,1,0,85,0,0,0,0
"bird932_2_july","2_jul","moshannon",2042,40.859173,-78.068689,0,20,0,90,0,10,0,0
"bird932_3_july","3_jul","moshannon",2038,40.857675,-78.071199,1,20,0,50,0,0,0,0
"bird932_3_july","3_jul","moshannon",2038,40.857773,-78.072249,0,17,0,50,0,0,0,0
"bird932_7_july","7_jul","moshannon",1833,40.859868,-78.070108,1,1,15,75,0,0,0,0
"bird932_7_july","7_jul","moshannon",1833,40.858916,-78.068804,0,1,0,85,0,0,0,0
"bird932_8_july","8_jul","moshannon",1925,40.8599028,-78.070104,1,1,15,75,0,0,0,0
"bird932_8_july","8_jul","moshannon",1925,40.857694,-78.070212,0,5,80,0,5,15,0,0
"bird932_8_july","8_jul","moshannon",2141,40.859865,-78.070052,1,4,0,85,0,0,0,0
"bird932_8_july","8_jul","moshannon",2141,40.8601,-78.06996,0,8,0,50,0,5,0,0
"bird932_9_july","9_jul","moshannon",1605,40.859102,-78.066203,1,10,0,100,0,0,0,0
"bird932_9_july","9_jul","moshannon",1605,40.860486,-78.066836,0,0,10,85,0,0,0,0
"bird932_10_july","10_jul","moshannon",2002,40.85875,-78.07217,0,11,0,40,0,0,0,0
"bird932_10_july","10_jul","moshannon",1519,40.860017,-78.070302,0,7,5,80,5,5,0,0
"bird932_11_july","11_jul","moshannon",1930,40.860099,-78.069712,1,3,0,65,0,10,0,0
"bird932_11_july","11_jul","moshannon",1930,40.858964,-78.068234,0,0,0,90,0,0,0,0
"bird932_11_july","11_jul","moshannon",2128,40.861412,-78.072295,1,16,0,100,0,0,0,0
"bird932_11_july","11_jul","moshannon",2128,40.861,-78.07178,0,20,0,0,0,0,0,0
"bird520_5_june","5_jun","michaux",847,39.946742,-77.493624,1,8,0,50,0,0,0,0
"bird520_1_june","1_jun","michaux",1111,39.948026,-77.493785,1,19,0,3,0,0,0,0
"bird514_30_may","30_may","michaux",1350,39.947898,-77.494355,1,20,0,20,0,3,0,0
"bird523_4_june","4_jun","michaux",1420,39.9570361,-77.502453,1,4,0,95,0,0,0,0
"bird524_1_june","1_jun","michaux",1355,39.956243,-77.482878,1,12,0,15,0,1,0,0
"bird524_4_june","4_jun","michaux",1128,39.952851,-77.482814,1,10,0,50,0,0,0,0
"bird514_1_june","1_jun","michaux",1202,39.9482353,-77.494795,1,6,0,25,0,0,1,0
"bird525_5_june","5_jun","michaux",1104,39.951784,-77.484774,1,16,0,95,0,0,0,0
"bird525_9_june","9_jun","michaux",1440,39.9502,-77.48354,1,15,0,95,0,0,0,0
"bird525_11_june","11_jun","michaux",1230,39.95137,-77.48461,1,19,0,48,0,0,0,0
"bird528_11_june","11_jun","michaux",1030,39.9547991,-77.4739096,1,15,0,79,0,0,0,0
"bird528_30_may","30_may","michaux",1525,39.954699,-77.473585,1,14,0,35,0,0,0,0
"bird528_4_june","4_jun","michaux",1317,39.954604,-77.474065,1,15,0,65,0,0,0,0
"bird523_29_may","29_may","michaux",1136,39.9555311,-77.5043258,1,20,0,57,0,0,0,0
"bird528_10_june","10_jun","michaux",940,39.954941,-77.47321,1,16,5,55,0,0,0,0
"bird523_3_june","3_jun","michaux",1008,39.9556766,-77.5042869,1,18,1,14,0,0,0,0
"bird501_13_june","13_jun","michaux",1400,39.971663,-77.460868,1,19,0,92,0,0,0,0
"bird501_16_june","16_jun","michaux",1114,39.9718967,-77.4609609,1,9,0,85,0,0,0,0
"bird523_23_may","23_may","michaux",1319,39.955489,-77.50419,1,20,0,92,0,0,0,0
"bird523_17_may","17_may","michaux",1913,39.95366,-77.50324,1,20,0,90,0,0,0,0
"bird520_3_june","3_jun","michaux",1158,39.9468916,-77.493661,1,11,0,60,0,0,0,0
"bird562_13_june","13_jun","michaux",1644,39.971617,-77.462211,1,13,0,90,0,0,0,0
"bird562_16_june","16_jun","michaux",1205,39.9688606,-77.4573865,1,17,0,30,0,0,0,0
"bird501_15_june","15_jun","michaux",1220,39.971498,-77.461142,1,20,0,75,0,0,0,0
"bird501_14_june","14_jun","michaux",1423,39.971774,-77.461142,1,19,0,70,0,0,0,0
"bird562_14_june","14_jun","michaux",1458,39.971075,-77.461956,1,18,0,15,0,0,0,0
"bird501_17_june","17_jun","michaux",2028,39.972196,-77.459172,1,20,0,10,0,0,0,0
"bird405_16_june","16_jun","michaux",1227,39.97176,-77.45413,0,19,0,60,0,0,0,0
"bird501_13_june","13_jun","michaux",1400,39.97171,-77.46104,0,18,0,50,0,0,0,0
"bird501_17_june","17_jun","michaux",816,39.972068,-77.460303,1,8,0,80,0,0,0,0
"bird405_16_june","16_jun","michaux",1227,39.971632,-77.4573865,1,0,0,85,0,0,0,0
"bird501_17_june","17_jun","michaux",816,39.97327,-77.45856,0,13,0,50,0,0,0,0
"bird501_17_june","17_jun","michaux",2028,39.97276,-77.45831,0,20,0,30,0,0,0,0
"bird501_18_june","18_jun","michaux",2040,39.97301,-77.46068,0,2,0,80,0,0,0,0
"bird501_18_june","18_jun","michaux",1654,39.96972,-77.45994,0,9,0,90,0,0,0,0
"bird501_15_june","15_jun","michaux",1220,39.97189,-77.46137,0,14,0,85,0,0,5,0
"bird501_14_june","14_jun","michaux",1423,39.97164,-77.46102,0,19,0,45,0,0,0,0
"bird501_16_june","16_jun","michaux",1114,39.9715,-77.46091,0,18,0,85,0,0,0,0
"bird562_16_june","16_jun","michaux",1205,39.9688606,-77.4573865,0,0,0,90,0,0,0,0
"bird562_14_june","14_jun","michaux",1458,39.971075,-77.461956,0,14,0,20,0,0,0,0
"bird562_13_june","13_jun","michaux",1644,39.971617,-77.462211,0,13,0,40,0,0,0,0
"bird405_18_june","18_jun","michaux",1735,39.97156,-77.45657,0,9,0,60,0,0,0,0
"bird405_18_june","18_jun","michaux",2006,39.97168,-77.45546,0,2,0,95,0,0,0,0
"bird524_1_june","1_jun","michaux",1355,39.9552,-77.4842,0,12,0,10,0,0,0,0
"bird524_4_june","4_jun","michaux",1128,39.95258,-77.48277,0,10,0,20,0,0,0,0
"bird528_4_june","4_jun","michaux",1317,39.95596,-77.4744,0,12,0,25,0,0,0,0
"bird528_30_may","30_may","michaux",1525,39.95458,-77.47227,0,19,0,10,0,0,0,0
"bird520_3_june","3_jun","michaux",1158,39.94522,-77.4921,0,18,0,20,0,0,0,0
"bird523_17_may","17_may","michaux",1913,39.952936,-77.501091,0,1,0,0,100,0,0,0
"bird514_1_june","1_jun","michaux",1202,39.9571526,-77.50234,0,2,0,50,0,0,0,0
"bird514_3_june","3_jun","michaux",1355,39.9480238,-77.4943815,0,17,0,90,0,0,0,0
"bird520_1_june","1_jun","michaux",1111,39.9488117,-77.493428,0,8,0,10,50,0,0,0
"bird523_3_june","3_jun","michaux",1008,39.95774,-77.50507,0,20,0,85,0,5,0,0
"bird523_29_may","29_may","michaux",1136,39.9569715,-77.5025262,0,1,0,70,0,0,0,0
"bird523_4_june","4_jun","michaux",1420,39.9571526,-77.50234,0,6,0,80,0,0,0,0
"bird523_23_may","23_may","michaux",1319,39.9565,-77.50562,0,20,0,80,0,0,0,0
"bird405_18_june","18_jun","michaux",1735,39.971137,-77.456066,1,4,0,20,0,0,0,0
"bird405_18_june","18_jun","michaux",2006,39.97134,-77.45609,1,16,0,10,0,0,0,0
"bird525_9_june","9_jun","michaux",1440,39.94794,-77.4836,0,8,0,0,0,0,0,0
"bird525_11_june","11_jun","michaux",1230,39.94929,-77.48318,0,14,0,50,0,0,0,0
"bird528_11_june","11_jun","michaux",1030,39.95657,-77.47574,0,6,0,30,0,0,0,0
"bird525_5_june","5_jun","michaux",1104,39.95058,-77.48353,0,14,0,60,0,0,0,0
"bird528_10_june","10_jun","michaux",940,39.95511,-77.47288,0,6,0,10,0,0,0,0
"bird405_19_june","19_jun","michaux",1708,39.97253,-77.453736,0,6,0,80,0,0,0,0
"bird405_19_june","19_jun","michaux",1708,39.973476,-77.454277,1,1,0,50,0,0,0,0
"bird501_19_june","19_jun","michaux",2008,39.9733504,-77.4625129,0,4,10,15,30,5,0,0
"bird501_19_june","19_jun","michaux",1621,39.971792,-77.461382,1,16,0,50,0,0,0,0
"bird501_19_june","19_jun","michaux",2008,39.971784,-77.461355,1,16,0,50,0,0,0,0
"bird520_11_june","11_jun","michaux",1430,39.9462233,-77.495752,0,4,0,80,0,0,0,0
"bird520_11_june","11_jun","michaux",1430,39.94777,-77.49423,1,20,0,5,0,0,0,0
"bird520_3_june","3_jun","michaux",1158,39.9468916,-77.493661,1,15,0,80,0,0,0,0
"bird520_5_june","5_jun","michaux",847,39.9464865,-77.4922948,0,14,0,80,0,0,0,0
"bird514_3_june","3_jun","michaux",1355,39.948018,-77.4947047,1,18,0,60,0,0,0,0
"bird514_30_may","30_may","michaux",1350,39.9478822,-77.4928916,0,2,0,80,0,0,0,0
"bird501_18_june","18_jun","michaux",2040,39.97174,-77.46051,1,15,0,85,0,0,0,0
"bird501_18_june","18_jun","michaux",1654,39.971709,-77.46053,1,20,0,90,0,0,0,0
"bird645_23_june","23_jun","michaux",2130,39.9502,-77.4906,1,12,0,80,0,0,0,0
"bird645_23_june","23_jun","michaux",2130,39.94993,-77.48978,0,13,0,80,0,0,0,0
"bird602_23_june","23_jun","michaux",2054,39.95327,-77.48473,0,9,0,85,0,0,0,0
"bird602_23_june","23_jun","michaux",2054,39.95287,-77.4828,1,11,0,70,0,0,0,0
"bird602_23_june","23_jun","michaux",1541,39.95329,-77.48341,1,11,0,60,0,0,0,0
"bird602_23_june","23_jun","michaux",1541,39.95383,-77.48289,0,18,0,80,0,0,0,0
"bird602_22_june","22_jun","michaux",1545,39.953659,-77.483733,1,20,0,85,0,0,0,0
"bird602_22_june","22_jun","michaux",1345,39.954647,-77.4822807,0,15,0,10,0,0,0,0
"bird602_20_june","20_jun","michaux",1646,39.9574514,-77.4809396,0,0,10,0,0,0,0,0
"bird602_20_june","20_jun","michaux",2027,39.956066,-77.480998,1,10,0,70,0,0,0,0
"bird602_20_june","20_jun","michaux",2027,39.9543262,-77.4801672,0,17,0,70,0,0,0,0
"bird602_20_june","20_jun","michaux",1646,39.956059,-77.480823,1,19,0,50,0,0,0,0
"bird501_24_june","24_jun","michaux",2051,39.9790505,-77.4620585,0,13,0,60,0,0,0,0
"bird602_24_june","24_jun","michaux",1615,39.955025,-77.480028,1,8,0,95,0,0,0,0
"bird602_24_june","24_jun","michaux",1615,39.95479,-77.48209,0,16,0,40,0,0,0,0
"bird645_24_june","24_jun","michaux",1527,39.950814,-77.48801,1,18,0,50,0,0,0,0
"bird501_24_june","24_jun","michaux",2051,39.979777,-77.461814,1,3,0,80,0,0,0,0
"bird645_24_june","24_jun","michaux",1527,39.95321,-77.4877,0,6,0,70,0,0,0,0
"bird602_27_june","27_jun","michaux",1622,39.45408,-77.48167,0,17,0,65,0,0,0,0
"bird645_25_june","25_jun","michaux",1738,39.9523234,-77.486356,0,15,0,70,0,0,0,0
"bird645_25_june","25_jun","michaux",1738,39.950262,-77.488128,1,20,0,40,0,0,0,0
"bird145_26_june","26_jun","michaux",1527,39.9509172,-77.4856228,0,4,0,90,0,0,0,0
"bird532_24_june","24_jun","michaux",1655,39.9681339,-77.4711496,0,20,0,95,0,0,0,0
"bird532_26_june","26_jun","michaux",1653,39.96677,-77.470726,1,19,0,95,0,0,0,0
"bird532_23_june","23_jun","michaux",1816,39.966794,-77.470559,1,19,0,100,0,0,0,0
"bird532_24_june","24_jun","michaux",1655,39.966792,-77.470583,1,18,0,95,0,0,0,0
"bird532_25_june","25_jun","michaux",1602,39.96682,-77.470583,1,20,0,100,0,0,0,0
"bird532_27_june","27_jun","michaux",1631,39.96683,-77.47048,1,20,0,100,0,0,0,0
"bird532_23_june","23_jun","michaux",1816,39.9658844,-77.4702078,0,13,0,20,0,0,0,0
"bird602_25_june","25_jun","michaux",1811,39.95573,-77.48093,0,4,0,75,0,0,0,0
"bird602_27_june","27_jun","michaux",1622,39.95585,-77.48097,1,14,0,70,0,0,0,0
"bird602_25_june","25_jun","michaux",1811,39.95574,-77.48072,1,15,0,80,0,0,0,0
"bird689_25_june","25_jun","michaux",1858,39.95859,-77.47778,0,19,0,90,0,0,0,0
"bird689_27_june","27_jun","michaux",1700,39.95927,-77.47755,0,16,0,95,0,0,0,0
"bird645_26_june","26_jun","michaux",2128,39.9489266,-77.4918757,0,6,0,60,0,0,0,0
"bird645_26_june","26_jun","michaux",2128,39.950288,-77.487105,1,15,0,20,0,0,0,0
"bird145_25_june","25_jun","michaux",1729,39.9509645,-77.4882299,1,8,0,50,0,0,0,0
"bird145_26_june","26_jun","michaux",1527,39.9517171,-77.4883693,1,20,0,95,0,0,0,0
"bird145_25_june","25_jun","michaux",1729,39.9521982,-77.4866514,0,14,0,60,0,0,0,0
"bird501_25_june","25_jun","michaux",1513,39.980356,-77.46204,1,11,0,50,0,0,0,0
"bird501_28_june","28_jun","michaux",1405,39.9800263,-77.4612039,0,17,0,50,0,0,0,0
"bird645_27_june","27_jun","michaux",1520,39.9474355,-77.4894945,0,18,0,95,0,0,0,0
"bird645_27_june","27_jun","michaux",1520,39.947625,-77.489146,1,19,0,90,0,0,0,0
"bird645_27_june","27_jun","michaux",2020,39.94779,-77.48908,1,10,0,90,0,0,0,0
"bird645_27_june","27_jun","michaux",2020,39.9482128,-77.4892484,0,16,0,55,40,0,0,0
"bird501_28_june","28_jun","michaux",1405,39.97928,-77.461771,1,11,0,95,0,0,0,0
"bird501_25_june","25_jun","michaux",1513,39.978452,-77.4624619,0,14,0,40,0,0,0,0
"bird442_26_june","26_jun","michaux",1743,39.978304,-77.4619348,0,5,0,60,0,0,0,0
"bird442_28_june","28_jun","michaux",1333,39.9772856,-77.4623164,0,13,0,55,0,0,0,0
"bird145_29_june","29_jun","michaux",1740,39.95169,-77.4883,1,20,0,75,0,0,0,0
"bird145_27_june","27_jun","michaux",1548,39.9499908,-77.4888047,0,13,0,65,0,0,0,0
"bird442_25_june","25_jun","michaux",1535,39.97636,-77.45946,1,18,0,50,0,0,0,0
"bird442_27_june","27_jun","michaux",1547,39.9765066,-77.4594142,0,9,0,55,0,0,0,0
"bird442_25_june","25_jun","michaux",1602,39.974432,-77.4600982,0,16,0,90,0,0,0,0
"bird145_27_june","27_jun","michaux",1548,39.95164,-77.48842,1,15,0,90,0,0,0,0
"bird442_26_june","26_jun","michaux",1743,39.977014,-77.439949,1,16,0,70,0,0,0,0
"bird442_27_june","27_jun","michaux",1547,39.97676,-77.45985,1,15,0,40,0,0,0,0
"bird532_1_july","1_jul","michaux",1425,39.96769,-77.47047,0,19,0,40,0,0,0,0
"bird442_28_june","28_jun","michaux",1333,39.97678,-77.459887,1,15,0,50,0,0,0,0
"bird532_28_june","28_jun","michaux",1235,39.96878,-77.46737,1,17,0,90,0,0,0,0
"bird532_26_june","26_jun","michaux",1653,39.96544,-77.4698,0,13,0,80,0,0,0,0
"bird532_28_june","28_jun","michaux",1235,39.96882,-77.46577,0,5,0,85,0,0,0,0
"bird602_30_june","30_jun","michaux",2111,39.9561438,-77.4780791,0,20,0,100,0,0,0,0
"bird602_30_june","30_jun","michaux",1751,39.956074,-77.478639,1,20,0,100,0,0,0,0
"bird602_30_june","30_jun","michaux",1751,39.9565507,-77.4791689,0,19,0,70,0,0,0,0
"bird145_1_july","1_jul","michaux",1304,39.9494717,-77.4858709,0,20,0,70,0,0,0,0
"bird145_30_june","30_jun","michaux",1850,39.9494862,-77.484589,0,19,0,95,0,0,0,0
"bird532_1_july","1_jul","michaux",1425,39.96745,-77.47003,1,10,0,90,0,0,0,0
"bird532_30_june","30_jun","michaux",1554,39.96719,-77.46861,1,20,0,70,0,0,0,0
"bird532_27_june","27_jun","michaux",1631,39.96852,-77.46853,0,9,0,90,0,0,0,0
"bird532_30_june","30_jun","michaux",1554,39.96587,-77.46669,0,8,0,80,0,0,0,0
"bird689_25_june","25_jun","michaux",1858,39.959429,-77.477754,1,17,0,50,0,0,0,0
"bird689_27_june","27_jun","michaux",1700,39.959446,-77.477756,1,17,0,50,0,0,0,0
"bird602_29_june","29_jun","michaux",1427,39.9539,-77.47947,0,15,0,60,0,0,0,0
"bird602_1_july","1_jul","michaux",1350,39.9524765,-77.4796877,0,17,0,95,0,0,0,0
"bird602_29_june","29_jun","michaux",1427,39.955113,-77.480028,1,18,0,75,0,0,0,0
"bird602_1_july","1_jul","michaux",1350,39.955065,-77.479606,1,17,0,50,0,0,0,0
"bird602_30_june","30_jun","michaux",2111,39.955167,-77.478597,1,17,0,60,0,0,0,0
"bird145_20_june","20_jun","michaux",1850,39.94954,-77.48573,1,4,0,100,0,0,0,0
"bird145_1_july","1_jul","michaux",1304,39.94953,-77.48573,1,14,0,95,0,0,0,0
"bird145_2_july","2_jul","michaux",1509,39.94901,-77.48671,1,18,0,85,0,0,0,0
"bird145_2_july","2_jul","michaux",1509,39.94914,-77.4877,0,10,0,45,0,0,0,0
"bird645_2_july","2_jul","michaux",2043,39.94764,-77.48857,1,18,0,100,0,0,0,0
"bird645_2_july","2_jul","michaux",2043,39.94748,-77.48884,0,19,0,90,0,0,0,0
"bird645_29_june","29_jun","michaux",1726,39.95061,-77.48886,0,14,0,80,0,0,0,0
"bird145_29_june","29_jun","michaux",1739,39.95158,-77.48827,0,18,0,80,0,0,0,0
"bird645_29_june","29_jun","michaux",1726,39.95158,-77.48794,1,6,0,85,0,0,0,0
"bird161_29_june","29_jun","michaux",1812,39.9533673,-77.4965732,0,15,0,85,0,0,0,0
"bird161_2_july","2_jul","michaux",1416,39.954312,-77.4955939,1,17,0,70,0,0,0,0
"bird161_29_june","29_jun","michaux",1812,39.954331,-77.495373,1,10,0,85,0,0,0,0
"bird161_2_july","2_jul","michaux",2109,39.9557567,-77.4946973,0,2,0,85,0,0,0,0
"bird161_2_july","2_jul","michaux",1416,39.9552043,-77.4959372,0,19,0,70,0,0,0,0
"bird161_26_june","26_jun","michaux",1448,39.95443,-77.496334,1,7,5,90,0,0,0,0
"bird161_26_june","26_jun","michaux",1448,39.9549177,-77.4963667,0,10,0,95,0,0,0,0
"bird161_2_july","2_jul","michaux",2109,39.95499,-77.49595,1,16,0,95,0,0,0,0
"bird442_2_july","2_jul","michaux",1449,39.974111,-77.4595575,0,10,0,40,0,0,0,0
"bird442_3_july","3_jul","michaux",1805,39.976895,-77.456854,0,13,0,50,0,0,0,0
"bird442_1_july","1_jul","michaux",1421,39.976351,-77.459623,1,20,0,20,0,0,0,0
"bird442_2_july","2_jul","michaux",1449,39.9763,-77.459526,1,17,0,60,0,0,0,0
"bird442_5_july","5_jul","michaux",1507,39.976832,-77.458695,0,12,0,10,0,0,0,0
"bird602_3_july","3_jul","michaux",2119,39.953974,-77.478671,0,11,0,60,0,0,0,0
"bird602_4_july","4_jul","michaux",1253,39.954398,-77.477256,1,20,0,40,0,0,0,0
"bird602_4_july","4_jul","michaux",1253,39.956057,-77.476585,0,14,0,50,0,0,0,0
"bird442_1_july","1_jul","michaux",1421,39.97836,-77.45885,0,11,0,80,0,0,0,0
"bird645_3_july","3_jul","michaux",1626,39.947872,-77.488909,1,14,0,100,0,0,0,0
"bird602_3_july","3_jul","michaux",1708,39.956159,-77.480277,1,18,0,70,0,0,0,0
"bird442_4_july","4_jul","michaux",1413,39.9768,-77.46017,0,5,0,55,0,0,0,0
"bird442_4_july","4_jul","michaux",1413,39.977575,-77.460353,1,13,0,35,50,0,0,0
"bird442_5_july","5_jul","michaux",1507,39.97741,-77.46025,1,20,0,90,5,5,0,0
"bird442_3_july","3_jul","michaux",1805,39.97675,-77.45992,1,19,0,55,0,0,0,0
"bird602_3_july","3_jul","michaux",1708,39.95606,-77.48085,0,18,0,95,0,0,0,0
"bird602_3_july","3_jul","michaux",2119,39.95527,-77.47865,1,8,0,90,0,0,0,0
"bird145_4_july","4_jul","michaux",1133,39.94936,-77.48962,0,5,0,60,0,0,0,0
"bird145_5_july","5_jul","michaux",2108,39.94966,-77.48808,1,6,0,90,0,0,0,0
"bird645_3_july","3_jul","michaux",1626,39.95056,-77.48965,0,4,0,95,0,0,0,0
"bird145_3_july","3_jul","michaux",2139,39.959044,-77.48777,1,20,0,85,0,0,0,0
"bird145_3_july","3_jul","michaux",2139,39.95129,-77.48792,0,13,0,85,0,0,0,0
"bird145_4_july","4_jul","michaux",1133,39.95171,-77.48837,1,16,0,95,0,0,0,0
"bird145_5_july","5_jul","michaux",1838,39.95202,-77.48811,1,20,0,80,0,0,0,0
"bird145_5_july","5_jul","michaux",1848,39.95705,-77.48772,0,17,0,90,0,0,0,0
"bird645_5_july","5_jul","michaux",1701,39.94761,-77.48687,1,15,0,65,0,0,0,0
"bird602_5_july","5_jul","michaux",1617,39.957851,-77.479997,0,14,0,90,0,0,0,0
"bird473_27_june","27_jun","michaux",1925,39.968071,-77.476125,0,20,0,80,0,0,0,0
"bird473_27_june","27_jun","michaux",1925,39.966196,-77.474245,1,19,0,55,0,0,0,0
"bird532_5_july","5_jul","michaux",2043,39.964622,-77.470704,0,20,0,50,0,0,0,0
"bird532_2_july","2_jul","michaux",1542,39.966771,-77.470748,1,20,0,95,0,0,0,0
"bird532_5_july","5_jul","michaux",1531,39.966792,-77.470542,1,20,0,95,0,0,0,0
"bird532_2_july","2_jul","michaux",1542,39.968126,-77.468615,0,15,0,70,0,0,0,0
"bird532_25_june","25_jun","michaux",1602,39.968494,-77.468555,0,11,10,10,0,0,0,0
"bird532_5_july","5_jul","michaux",1531,39.9684911,-77.4698717,0,20,0,100,0,0,0,0
"bird532_5_july","5_jul","michaux",2043,39.966831,-77.470527,1,20,0,95,0,0,0,0
"bird442_5_july","5_jul","michaux",2041,39.97735,-77.46014,1,20,0,60,0,0,0,0
"bird442_5_july","5_jul","michaux",2041,39.976248,-77.460126,0,17,0,10,0,0,0,0
"bird442_6_july","6_jul","michaux",1746,39.97721,-77.45859,1,19,0,60,0,0,0,0
"bird442_6_july","6_jul","michaux",1746,39.979458,-77.458589,0,6,0,40,0,0,0,0
"bird405_6_july","6_jul","michaux",1821,39.973733,-77.458158,1,14,0,75,0,0,0,0
"bird405_6_july","6_jul","michaux",1821,39.973742,-77.458487,0,19,0,60,0,0,0,0
"bird405_5_july","5_jul","michaux",1933,39.973458,-77.458698,1,19,0,80,5,0,0,0
"bird405_5_july","5_jul","michaux",1933,39.979779,-77.459153,0,10,0,75,0,0,0,0
"bird532_6_july","6_jul","michaux",1715,39.970597,-77.46726,1,19,0,50,0,0,0,0
"bird532_6_july","6_jul","michaux",1715,39.970833,-77.467466,0,10,0,40,0,0,0,0
"bird602_6_july","6_jul","michaux",1642,39.95499,-77.48154,0,9,60,0,30,0,0,0
"bird602_6_july","6_jul","michaux",2126,39.95374,-77.47907,1,10,0,95,0,0,0,0
"bird145_3_july","3_jul","michaux",1610,39.94948,-77.48416,0,20,0,100,0,0,0,0
"bird145_6_july","6_jul","michaux",1600,39.948876,-77.486805,1,15,0,90,0,0,0,0
"bird145_6_july","6_jul","michaux",1600,39.9506017,-77.4871499,0,17,0,55,0,0,0,0
"bird145_6_july","6_jul","michaux",2054,39.948862,-77.486499,1,15,0,90,0,0,0,0
"bird602_6_july","6_jul","michaux",2126,39.95303,-77.47921,0,4,0,20,25,5,0,0
"bird145_6_july","6_jul","michaux",2054,39.94681,-77.4859,0,6,0,90,0,0,0,0
"bird145_3_july","3_jul","michaux",1610,39.949429,-77.485814,1,14,0,100,0,0,0,0
"bird645_5_july","5_jul","michaux",1701,39.94894,-77.48653,0,10,0,90,0,0,0,0
"bird145_5_july","5_jul","michaux",2108,39.9493982,-77.4869073,0,1,0,95,0,0,0,0
"bird532_7_july","7_jul","michaux",1650,39.96803,-77.4487,1,14,0,75,0,0,0,0
"bird442_7_july","7_jul","michaux",1524,39.97858,-77.45853,0,1,0,80,0,0,0,0
"bird532_7_july","7_jul","michaux",1650,39.96816,-77.46589,0,9,0,80,0,0,0,0
"bird442_7_july","7_jul","michaux",2038,39.97844,-77.46155,0,15,0,95,0,0,0,0
"bird442_7_july","7_jul","michaux",2038,39.97736,-77.45885,1,20,0,55,0,0,0,0
"bird442_7_july","7_jul","michaux",1521,39.977429,-77.458789,1,20,0,90,0,0,0,0
"bird161_5_july","5_jul","michaux",1739,39.955252,-77.50047,1,20,0,60,0,0,0,0
"bird161_5_july","5_jul","michaux",1739,39.95671,-77.498561,0,3,0,70,0,0,0,0
"bird161_3_july","3_jul","michaux",1531,39.956517,-77.495887,1,12,0,80,0,0,0,0
"bird161_3_july","3_jul","michaux",1531,39.955384,-77.497241,0,3,0,65,0,0,0,0
"bird145_7_july","7_jul","michaux",2106,39.9501549,-77.4884527,0,10,0,50,0,0,0,0
"bird145_7_july","7_jul","michaux",2106,39.95065,-77.48795,1,11,0,80,0,0,0,0
"bird602_8_july","8_jul","michaux",1916,39.95709,-77.4781,0,13,0,85,0,0,0,0
"bird602_7_july","7_jul","michaux",1739,39.95652,-77.47933,0,16,0,95,0,0,0,0
"bird602_8_july","8_jul","michaux",1916,39.956129,-77.479532,1,20,0,95,0,0,0,0
"bird602_7_july","7_jul","michaux",1739,39.955967,-77.479554,1,19,0,85,0,0,0,0
"bird602_5_july","5_jul","michaux",1617,39.956856,-77.480367,1,19,0,50,0,0,0,0
"bird442_8_july","8_jul","michaux",1838,39.97667,-77.46153,0,14,0,70,0,0,0,0
"bird442_8_july","8_jul","michaux",1838,39.976793,-77.459922,1,19,0,20,0,0,0,0
"bird161_8_july","8_jul","michaux",2040,39.953947,-77.495771,1,20,0,90,0,0,0,0
"bird161_8_july","8_jul","michaux",2040,39.953733,-77.494182,0,9,0,70,0,0,0,0
"bird145_8_july","8_jul","michaux",1711,39.952356,-77.4889085,1,18,0,95,0,0,0,0
"bird145_8_july","8_jul","michaux",1711,39.95104,-77.488862,0,2,0,75,0,0,0,0
"bird145_8_july","8_jul","michaux",2109,39.95041,-77.48778,1,12,0,75,0,0,0,0
"bird145_8_july","8_jul","michaux",2109,39.950435,-77.487486,0,9,0,50,0,0,0,0
"bird602_9_july","9_jul","michaux",1637,39.9542,-77.4784,0,10,0,50,0,0,0,0
"bird602_9_july","9_jul","michaux",1637,39.955749,-77.48075,1,19,0,95,0,0,0,0
"bird532_10_july","10_jul","michaux",1748,39.96747,-77.470056,1,20,0,90,0,0,0,0
"bird532_10_july","10_jul","michaux",1748,39.96763,-77.46915,0,20,0,25,0,0,0,0
"bird532_9_july","9_jul","michaux",1807,39.968023,-77.468308,0,13,0,80,0,0,0,0
"bird532_9_july","9_jul","michaux",1807,39.967994,-77.466829,1,20,0,75,0,0,0,0
"bird442_9_july","9_jul","michaux",1718,39.97663,-77.45944,0,12,0,50,0,0,0,0
"bird442_9_july","9_jul","michaux",1718,39.97676,-77.45986,1,20,0,90,0,0,0,0
"bird442_10_july","10_jul","michaux",1701,39.97719,-77.4601,1,18,0,90,0,0,0,0
"bird442_10_july","10_jul","michaux",1701,39.97713,-77.4588,0,12,0,85,0,0,0,0
"bird161_10_july","10_jul","michaux",2130,39.954001,-77.49978,1,20,0,75,0,0,0,0
"bird161_10_july","10_jul","michaux",2130,39.953618,-77.502188,0,13,0,90,0,0,0,0
"bird145_10_july","10_jul","michaux",1747,39.950969,-77.49004,0,15,0,70,0,0,0,0
"bird145_10_july","10_jul","michaux",1747,39.952468,-77.48886,1,9,0,90,0,0,0,0
"bird442_10_july","10_jul","michaux",2051,39.97731,-77.46012,1,19,0,40,0,0,0,0
"bird442_10_july","10_jul","michaux",2051,39.977247,-77.462447,0,20,0,25,0,0,0,0
"bird532_10_july","10_jul","michaux",2046,39.967093,-77.47012,1,20,0,90,0,0,0,0
"bird532_10_july","10_jul","michaux",2046,39.967399,-77.4705481,0,8,0,10,0,0,0,0
"bird145_10_july","10_jul","michaux",2112,39.947298,-77.4871939,0,17,0,80,0,0,0,0
"bird145_10_july","10_jul","michaux",2112,39.949494,-77.487309,1,20,0,10,80,10,0,0
